Spam Spam Spam Spam Spam |Baked Beans|
polivtsevtimur@gmail.com,hello,"Hello Tymur, you have just won 1 000 000 dolars"
polivtsevtimur2@gmail.com,hello,"Hello Tymur, you have just won 1 000 000 dolars"
polivtsevtimur3@gmail.com,hello,"Hello Tymur, you have just won 1 000 000 dolars"
polivtsevtimur3@gmail.com;hello;Hello Tymur, you have just won 1 000 000 dolars
polivtsevtimur3@gmail.com;hello;Hello Tymur, you have just won 1 000 000 dolars
polivtsevtimur4@gmail.com;hello;Hello Tymur, you have just won 1 000 000 dolars
polivtsevtimur4@gmail.com;hello;Hello Tymur, you have just won 1 000 000 dolars
timur@gmail.com;hello;Hello Tymur, you have just won 1 000 000 dolars
timur@gmail.com;"hello""";Hello Tymur, you have just won 1 000 000 dolars
